Why choose iNeuron For Data Science Master Program?,iNeuron is not only a training institute but also comprises of a team of senior data scientists who have multiple years of experience in data science  deep learning  and machine learning and iNeuron is also into product development   Thus we have the capabilities to provide hands  on training to our candidates via in  house project contribution  
Why choose iNeuron?,iNeuron is not only a training institute but also comprises of a team of senior data scientists who have multiple years of experience in data science  deep learning  and machine learning and iNeuron is also into product development   Thus we have the capabilities to provide hands  on training to our candidates via in  house project contribution  
Why choose iNeuron For Data Science?,iNeuron is not only a training institute but also comprises of a team of senior data scientists who have multiple years of experience in data science  deep learning  and machine learning and iNeuron is also into product development   Thus we have the capabilities to provide hands  on training to our candidates via in  house project contribution  
Why choose iNeuron For Deep Learning?,iNeuron is not only a training institute but also comprises of a team of senior data scientists who have multiple years of experience in data science  deep learning  and machine learning and iNeuron is also into product development   Thus we have the capabilities to provide hands  on training to our candidates via in  house project contribution  
Why choose iNeuron For courses?,iNeuron is not only a training institute but also comprises of a team of senior data scientists who have multiple years of experience in data science  deep learning  and machine learning and iNeuron is also into product development   Thus we have the capabilities to provide hands  on training to our candidates via in  house project contribution  
After completing the course will I get job opportunities?,Of course we at iNeuron train the candidates according to the industry needs and specification   We also provide minimum of 3 job referrals along with resume building support as well as training on in  house projects and mock interviews  
Will I be assisted for Interview Preparation?,After successful completion of the course the candidate will be given multiple rounds of mock interview preparation as well as a minimum of 3 job referrals
Will there be placement opportunities at the end of the course completion?,There will be placement opportunities after completion of the course. We will also be providing a minimum of 3 job referrals.
What about job?,We'll provide referral to the candidates. We have our own custom portal where you can search for jobs.The link is:  https://jobs.ineuron.ai
What about placement assistance?,We'll provide referral to the candidates. We have our own custom portal where you can search for jobs.The link is:  https://jobs.ineuron.ai
